timestamp,J11,J12,J13,J14,J15,J16,J21,J22,J23,J24,J25,J26
 0,   0.0000,   -.0000,   -.0000,   -.0000, -90.0000,   0.0000,   0.0000,   0.0000,   0.0000,   -.0000, -90.0000,   0.0000
 12,   0.0000,   -.0000,   -.0000,   -.0000, -90.0000,   0.0000,   0.0000,   0.0000,   0.0000,   -.0000, -90.0000,   0.0000
 24,   0.0000,   -.0000,   -.0000,   -.0000, -90.0000,   0.0000,   0.0000,   0.0000,   0.0000,   -.0000, -90.0000,   0.0000
 36,   -.0005,    .0000,   -.0003,   -.0002, -89.9994,    .0006,    .0004,    .0002,   -.0001,    .0005, -90.0001,   -.0006
 48,   -.0046,    .0004,   -.0029,   -.0019, -89.9949,    .0048,    .0038,    .0023,   -.0010,    .0045, -90.0012,   -.0048
 60,   -.0157,    .0013,   -.0097,   -.0066, -89.9828,    .0165,    .0129,    .0078,   -.0036,    .0154, -90.0040,   -.0163
 72,   -.0373,    .0032,   -.0231,   -.0156, -89.9593,    .0391,    .0307,    .0186,   -.0085,    .0366, -90.0095,   -.0387
 84,   -.0728,    .0063,   -.0452,   -.0306, -89.9205,    .0763,    .0599,    .0364,   -.0167,    .0715, -90.0186,   -.0756
 96,   -.1258,    .0108,   -.0782,   -.0529, -89.8627,    .1319,    .1036,    .0630,   -.0289,    .1237, -90.0322,   -.1307
 108,   -.1999,    .0172,   -.1243,   -.0840, -89.7820,    .2095,    .1646,    .1001,   -.0459,    .1964, -90.0512,   -.2076
 120,   -.2984,    .0258,   -.1855,   -.1254, -89.6746,    .3128,    .2457,    .1494,   -.0686,    .2932, -90.0764,   -.3098
 132,   -.4248,    .0367,   -.2641,   -.1786, -89.5366,    .4454,    .3498,    .2128,   -.0977,    .4174, -90.1087,   -.4412
 144,   -.7757,    .0671,   -.4823,   -.3262, -89.1540,    .8132,    .6388,    .3886,   -.1784,    .7622, -90.1985,   -.8056
 156,   -.7757,    .0671,   -.4823,   -.3262, -89.1540,    .8132,    .6388,    .3886,   -.1784,    .7622, -90.1985,   -.8056
 168,  -1.0072,    .0871,   -.6261,   -.4235, -88.9016,   1.0558,    .8293,    .5045,   -.2317,    .9895, -90.2577,  -1.0459
 180,  -1.2805,    .1107,   -.7961,   -.5384, -88.6036,   1.3423,   1.0544,    .6414,   -.2945,   1.2582, -90.3276,  -1.3298
 192,  -1.5993,    .1383,   -.9943,   -.6725, -88.2559,   1.6765,   1.3170,    .8011,   -.3679,   1.5714, -90.4092,  -1.6608
 204,  -1.9671,    .1701,  -1.2230,   -.8272, -87.8548,   2.0621,   1.6193,    .9851,   -.4524,   1.9322, -90.5031,  -2.0422
 216,  -2.3873,    .2065,  -1.4843,  -1.0039, -87.3965,   2.5026,   1.9620,   1.1936,   -.5481,   2.3411, -90.6096,  -2.4743
 228,  -2.8635,    .2477,  -1.7803,  -1.2042, -86.8772,   3.0018,   2.3450,   1.4266,   -.6551,   2.7981, -90.7286,  -2.9573
 240,  -3.3985,    .2940,  -2.1130,  -1.4292, -86.2937,   3.5627,   2.7684,   1.6841,   -.7734,   3.3032, -90.8601,  -3.4912
 252,  -3.9930,    .3454,  -2.4826,  -1.6792, -85.6454,   4.1859,   3.2320,   1.9662,   -.9029,   3.8564, -91.0042,  -4.0758
 264,  -4.6470,    .4020,  -2.8892,  -1.9542, -84.9323,   4.8714,   3.7359,   2.2728,  -1.0437,   4.4578, -91.1608,  -4.7114
 276,  -5.3604,    .4637,  -3.3327,  -2.2542, -84.1543,   5.6192,   4.2802,   2.6039,  -1.1958,   5.1072, -91.3299,  -5.3977
 288,  -6.1332,    .5306,  -3.8132,  -2.5792, -83.3114,   6.4294,   4.8648,   2.9595,  -1.3591,   5.8047, -91.5115,  -6.1349
 300,  -6.9649,    .6026,  -4.3303,  -2.9289, -82.4044,   7.3013,   5.4897,   3.3397,  -1.5337,   6.5503, -91.7057,  -6.9230
 312,  -7.8526,    .6794,  -4.8822,  -3.3022, -81.4364,   8.2318,   6.1549,   3.7444,  -1.7195,   7.3441, -91.9123,  -7.7619
 324,  -8.7927,    .7607,  -5.4667,  -3.6976, -80.4111,   9.2173,   6.8604,   4.1736,  -1.9166,   8.1859, -92.1316,  -8.6516
 336, -10.8164,    .9358,  -6.7249,  -4.5485, -78.2043,  11.3387,   8.3886,   5.1032,  -2.3435,  10.0093, -92.6064, -10.5788
 348, -10.8164,    .9358,  -6.7249,  -4.5485, -78.2043,  11.3387,   8.3886,   5.1032,  -2.3435,  10.0093, -92.6064, -10.5788
 360, -11.8929,   1.0290,  -7.3942,  -5.0012, -77.0303,  12.4672,   9.2059,   5.6005,  -2.5719,  10.9846, -92.8603, -11.6096
 372, -13.0078,   1.1254,  -8.0874,  -5.4701, -75.8144,  13.6360,  10.0549,   6.1170,  -2.8091,  11.9977, -93.1241, -12.6803
 384, -14.1578,   1.2249,  -8.8023,  -5.9537, -74.5603,  14.8415,  10.9328,   6.6510,  -3.0543,  13.0451, -93.3969, -13.7873
 396, -15.3392,   1.3271,  -9.5368,  -6.4505, -73.2719,  16.0799,  11.8365,   7.2008,  -3.3068,  14.1235, -93.6777, -14.9270
 408, -16.5486,   1.4318, -10.2888,  -6.9591, -71.9530,  17.3477,  12.7633,   7.7646,  -3.5657,  15.2293, -93.9656, -16.0958
 420, -17.7825,   1.5385, -11.0559,  -7.4779, -70.6074,  18.6412,  13.7102,   8.3407,  -3.8303,  16.3592, -94.2598, -17.2899
 432, -19.0373,   1.6471, -11.8361,  -8.0056, -69.2390,  19.9566,  14.6745,   8.9273,  -4.0997,  17.5097, -94.5594, -18.5059
 444, -20.3097,   1.7572, -12.6271,  -8.5407, -67.8514,  21.2904,  15.6531,   9.5226,  -4.3731,  18.6774, -94.8635, -19.7401
 456, -21.5960,   1.8685, -13.4269,  -9.0816, -66.4486,  22.6389,  16.6432,  10.1250,  -4.6497,  19.8589, -95.1711, -20.9887
 468, -22.8928,   1.9807, -14.2332,  -9.6270, -65.0344,  23.9983,  17.6420,  10.7326,  -4.9287,  21.0506, -95.4815, -22.2483
 480, -24.1966,   2.0935, -15.0438, -10.1752, -63.6125,  25.3651,  18.6465,  11.3437,  -5.2093,  22.2493, -95.7936, -23.5151
 492, -25.5034,   2.2065, -15.8562, -10.7248, -62.1875,  26.7349,  19.6535,  11.9563,  -5.4907,  23.4507, -96.1064, -24.7849
 504, -26.8072,   2.3193, -16.6668, -11.2730, -60.7656,  28.1017,  20.6580,  12.5674,  -5.7713,  24.6494, -96.4185, -26.0517
 516, -28.1040,   2.4315, -17.4731, -11.8184, -59.3514,  29.4611,  21.6568,  13.1750,  -6.0503,  25.8411, -96.7289, -27.3113
 528, -30.6627,   2.6529, -19.0639, -12.8944, -56.5610,  32.1434,  23.6255,  14.3727,  -6.6003,  28.1903, -97.3406, -29.7941
 540, -30.6627,   2.6529, -19.0639, -12.8944, -56.5610,  32.1434,  23.6255,  14.3727,  -6.6003,  28.1903, -97.3406, -29.7941
 552, -31.9175,   2.7615, -19.8441, -13.4221, -55.1926,  33.4588,  24.5898,  14.9593,  -6.8697,  29.3408, -97.6402, -31.0100
 564, -33.1514,   2.8682, -20.6112, -13.9409, -53.8470,  34.7523,  25.5367,  15.5354,  -7.1343,  30.4707, -97.9344, -32.2042
 576, -34.3608,   2.9729, -21.3631, -14.4495, -52.5281,  36.0201,  26.4635,  16.0992,  -7.3932,  31.5765, -98.2223, -33.3730
 588, -35.5422,   3.0751, -22.0977, -14.9463, -51.2397,  37.2585,  27.3672,  16.6490,  -7.6457,  32.6549, -98.5031, -34.5127
 600, -36.6922,   3.1746, -22.8126, -15.4299, -49.9856,  38.4640,  28.2450,  17.1830,  -7.8909,  33.7023, -98.7759, -35.6197
 612, -37.8071,   3.2710, -23.5058, -15.8988, -48.7697,  39.6328,  29.0941,  17.6995,  -8.1281,  34.7154, -99.0397, -36.6904
 624, -38.8836,   3.3642, -24.1751, -16.3515, -47.5957,  40.7613,  29.9114,  18.1968,  -8.3565,  35.6907, -99.2936, -37.7212
 636, -39.9182,   3.4537, -24.8183, -16.7865, -46.4675,  41.8458,  30.6942,  18.6730,  -8.5752,  36.6247, -99.5368, -38.7084
 648, -40.9073,   3.5393, -25.4333, -17.2025, -45.3889,  42.8827,  31.4396,  19.1264,  -8.7834,  37.5141, -99.7684, -39.6484
 660, -41.8474,   3.6206, -26.0178, -17.5978, -44.3636,  43.8682,  32.1451,  19.5556,  -8.9805,  38.3559, -99.9876, -40.5381
 672, -42.7351,   3.6974, -26.5697, -17.9711, -43.3956,  44.7987,  32.8103,  19.9603,  -9.1663,  39.1497, -100.1943, -41.3770
 684, -43.5668,   3.7694, -27.0868, -18.3208, -42.4885,  45.6706,  33.4352,  20.3405,  -9.3409,  39.8953, -100.3885, -42.1650
 696, -44.3396,   3.8362, -27.5673, -18.6458, -41.6457,  46.4808,  34.0198,  20.6961,  -9.5042,  40.5928, -100.5701, -42.9023
 708, -45.0530,   3.8979, -28.0108, -18.9458, -40.8677,  47.2286,  34.5641,  21.0272,  -9.6563,  41.2422, -100.7392, -43.5886
 720, -46.3014,   4.0060, -28.7870, -19.4708, -39.5063,  48.5373,  35.5316,  21.6159,  -9.9266,  42.3968, -101.0398, -44.8088
 732, -46.3014,   4.0060, -28.7870, -19.4708, -39.5063,  48.5373,  35.5316,  21.6159,  -9.9266,  42.3968, -101.0398, -44.8088
 744, -46.8365,   4.0523, -29.1197, -19.6958, -38.9228,  49.0982,  35.9550,  21.8734, -10.0449,  42.9019, -101.1714, -45.3427
 756, -47.3127,   4.0935, -29.4157, -19.8961, -38.4035,  49.5974,  36.3380,  22.1064, -10.1519,  43.3589, -101.2904, -45.8257
 768, -47.7329,   4.1298, -29.6770, -20.0728, -37.9452,  50.0379,  36.6806,  22.3149, -10.2476,  43.7678, -101.3969, -46.2578
 780, -48.1007,   4.1616, -29.9057, -20.2275, -37.5441,  50.4235,  36.9830,  22.4988, -10.3321,  44.1286, -101.4908, -46.6392
 792, -48.4195,   4.1892, -30.1039, -20.3615, -37.1964,  50.7577,  37.2455,  22.6585, -10.4054,  44.4418, -101.5724, -46.9702
 804, -48.6928,   4.2129, -30.2738, -20.4765, -36.8983,  51.0442,  37.4706,  22.7955, -10.4683,  44.7104, -101.6423, -47.2541
 816, -48.9242,   4.2329, -30.4177, -20.5738, -36.6460,  51.2868,  37.6612,  22.9114, -10.5215,  44.9378, -101.7015, -47.4944
 828, -49.1172,   4.2496, -30.5376, -20.6549, -36.4356,  51.4890,  37.8200,  23.0080, -10.5659,  45.1273, -101.7509, -47.6947
 840, -49.2751,   4.2632, -30.6358, -20.7213, -36.2634,  51.6546,  37.9501,  23.0871, -10.6022,  45.2825, -101.7913, -47.8588
 852, -49.4016,   4.2742, -30.7145, -20.7745, -36.1254,  51.7872,  38.0543,  23.1505, -10.6313,  45.4068, -101.8236, -47.9901
 864, -49.5001,   4.2827, -30.7757, -20.8159, -36.0180,  51.8904,  38.1354,  23.1998, -10.6540,  45.5036, -101.8488, -48.0924
 876, -49.5741,   4.2891, -30.8217, -20.8471, -35.9373,  51.9680,  38.1963,  23.2369, -10.6710,  45.5763, -101.8678, -48.1693
 888, -49.6271,   4.2937, -30.8547, -20.8694, -35.8795,  52.0236,  38.2400,  23.2635, -10.6832,  45.6284, -101.8814, -48.2243
 900, -49.6627,   4.2968, -30.8768, -20.8843, -35.8407,  52.0609,  38.2693,  23.2813, -10.6914,  45.6633, -101.8904, -48.2613
 912, -49.6953,   4.2996, -30.8971, -20.8980, -35.8051,  52.0951,  38.2962,  23.2977, -10.6989,  45.6954, -101.8988, -48.2952
 924, -49.6953,   4.2996, -30.8971, -20.8980, -35.8051,  52.0951,  38.2962,  23.2977, -10.6989,  45.6954, -101.8988, -48.2952
 936, -49.6994,   4.2999, -30.8996, -20.8998, -35.8006,  52.0994,  38.2995,  23.2997, -10.6999,  45.6994, -101.8998, -48.2994
 948, -49.7000,   4.3000, -30.9000, -20.9000, -35.8000,  52.1000,  38.3000,  23.3000, -10.7000,  45.7000, -101.9000, -48.3000
 960, -49.7000,   4.3000, -30.9000, -20.9000, -35.8000,  52.1000,  38.3000,  23.3000, -10.7000,  45.7000, -101.9000, -48.3000
 972, -49.7000,   4.3000, -30.9000, -20.9000, -35.8000,  52.0999,  38.3000,  23.3000, -10.7000,  45.7000, -101.9000, -48.3000
 984, -49.6997,   4.3000, -30.8998, -20.8997, -35.8000,  52.0994,  38.3000,  23.2997, -10.7001,  45.6997, -101.8999, -48.3000
 996, -49.6989,   4.2999, -30.8994, -20.8990, -35.8002,  52.0980,  38.3002,  23.2990, -10.7005,  45.6991, -101.8996, -48.2999
 1008, -49.6974,   4.2997, -30.8986, -20.8976, -35.8004,  52.0953,  38.3004,  23.2976, -10.7012,  45.6979, -101.8990, -48.2998
 1020, -49.6949,   4.2994, -30.8972, -20.8954, -35.8007,  52.0908,  38.3008,  23.2954, -10.7024,  45.6960, -101.8981, -48.2995
 1032, -49.6912,   4.2989, -30.8952, -20.8920, -35.8013,  52.0840,  38.3013,  23.2920, -10.7041,  45.6930, -101.8968, -48.2992
 1044, -49.6860,   4.2982, -30.8924, -20.8874, -35.8020,  52.0747,  38.3021,  23.2873, -10.7065,  45.6889, -101.8949, -48.2988
 1056, -49.6791,   4.2974, -30.8887, -20.8812, -35.8030,  52.0622,  38.3031,  23.2810, -10.7097,  45.6835, -101.8923, -48.2982
 1068, -49.6702,   4.2963, -30.8839, -20.8732, -35.8042,  52.0463,  38.3044,  23.2730, -10.7138,  45.6765, -101.8891, -48.2974
 1080, -49.6591,   4.2950, -30.8780, -20.8633, -35.8057,  52.0264,  38.3060,  23.2630, -10.7189,  45.6678, -101.8850, -48.2965
 1092, -49.6456,   4.2934, -30.8707, -20.8512, -35.8075,  52.0021,  38.3080,  23.2507, -10.7251,  45.6571, -101.8801, -48.2953
 1104, -49.6103,   4.2893, -30.8518, -20.8196, -35.8121,  51.9388,  38.3132,  23.2186, -10.7414,  45.6292, -101.8672, -48.2922
 1116, -49.6103,   4.2893, -30.8518, -20.8196, -35.8121,  51.9388,  38.3132,  23.2186, -10.7414,  45.6292, -101.8672, -48.2922
 1128, -49.5880,   4.2868, -30.8399, -20.7997, -35.8150,  51.8988,  38.3165,  23.1984, -10.7517,  45.6116, -101.8590, -48.2903
 1140, -49.5623,   4.2839, -30.8261, -20.7768, -35.8183,  51.8528,  38.3203,  23.1750, -10.7636,  45.5913, -101.8496, -48.2880
 1152, -49.5329,   4.2807, -30.8104, -20.7506, -35.8220,  51.8003,  38.3246,  23.1483, -10.7772,  45.5681, -101.8389, -48.2855
 1164, -49.4996,   4.2771, -30.7926, -20.7211, -35.8261,  51.7409,  38.3295,  23.1180, -10.7925,  45.5418, -101.8268, -48.2826
 1176, -49.4622,   4.2732, -30.7726, -20.6878, -35.8307,  51.6742,  38.3350,  23.0840, -10.8097,  45.5122, -101.8131, -48.2793
 1188, -49.4205,   4.2689, -30.7503, -20.6507, -35.8358,  51.5997,  38.3412,  23.0460, -10.8290,  45.4791, -101.7979, -48.2757
 1200, -49.3741,   4.2642, -30.7255, -20.6096, -35.8414,  51.5171,  38.3480,  23.0038, -10.8504,  45.4423, -101.7810, -48.2716
 1212, -49.3229,   4.2591, -30.6980, -20.5641, -35.8475,  51.4259,  38.3556,  22.9571, -10.8740,  45.4017, -101.7623, -48.2671
 1224, -49.2666,   4.2538, -30.6679, -20.5142, -35.8542,  51.3258,  38.3639,  22.9058, -10.8998,  45.3570, -101.7419, -48.2621
 1236, -49.2049,   4.2480, -30.6348, -20.4596, -35.8614,  51.2163,  38.3730,  22.8496, -10.9282,  45.3081, -101.7195, -48.2566
 1248, -49.1378,   4.2420, -30.5987, -20.4001, -35.8692,  51.0970,  38.3829,  22.7884, -10.9590,  45.2548, -101.6951, -48.2506
 1260, -49.0651,   4.2357, -30.5595, -20.3357, -35.8776,  50.9681,  38.3937,  22.7220, -10.9923,  45.1970, -101.6688, -48.2441
 1272, -48.9870,   4.2292, -30.5173, -20.2665, -35.8866,  50.8295,  38.4053,  22.6506, -11.0281,  45.1348, -101.6406, -48.2370
 1284, -48.9033,   4.2225, -30.4720, -20.1924, -35.8961,  50.6812,  38.4177,  22.5741, -11.0664,  45.0681, -101.6103, -48.2295
 1296, -48.7194,   4.2089, -30.3721, -20.0297, -35.9167,  50.3560,  38.4450,  22.4059, -11.1504,  44.9214, -101.5441, -48.2127
 1308, -48.7194,   4.2089, -30.3721, -20.0297, -35.9167,  50.3560,  38.4450,  22.4059, -11.1504,  44.9214, -101.5441, -48.2127
 1320, -48.6193,   4.2021, -30.3174, -19.9410, -35.9278,  50.1791,  38.4599,  22.3141, -11.1960,  44.8413, -101.5082, -48.2034
 1332, -48.5137,   4.1954, -30.2596, -19.8476, -35.9394,  49.9927,  38.4756,  22.2174, -11.2440,  44.7568, -101.4704, -48.1936
 1344, -48.4027,   4.1889, -30.1986, -19.7494, -35.9515,  49.7970,  38.4921,  22.1155, -11.2944,  44.6679, -101.4307, -48.1833
 1356, -48.2863,   4.1825, -30.1343, -19.6463, -35.9641,  49.5918,  38.5095,  22.0086, -11.3471,  44.5745, -101.3892, -48.1723
 1368, -48.1645,   4.1765, -30.0669, -19.5385, -35.9772,  49.3774,  38.5277,  21.8967, -11.4022,  44.4766, -101.3459, -48.1608
 1380, -48.0374,   4.1709, -29.9961, -19.4258, -35.9908,  49.1537,  38.5467,  21.7797, -11.4595,  44.3743, -101.3008, -48.1486
 1392, -47.9049,   4.1657, -29.9220, -19.3084, -36.0050,  48.9208,  38.5665,  21.6577, -11.5192,  44.2675, -101.2539, -48.1359
 1404, -47.7671,   4.1610, -29.8446, -19.1862, -36.0196,  48.6788,  38.5872,  21.5306, -11.5811,  44.1562, -101.2053, -48.1225
 1416, -47.6240,   4.1569, -29.7638, -19.0593, -36.0348,  48.4277,  38.6086,  21.3986, -11.6452,  44.0405, -101.1550, -48.1085
 1428, -47.4757,   4.1535, -29.6795, -18.9276, -36.0504,  48.1675,  38.6309,  21.2615, -11.7115,  43.9203, -101.1030, -48.0939
 1440, -47.3221,   4.1509, -29.5918, -18.7911, -36.0667,  47.8983,  38.6541,  21.1194, -11.7800,  43.7956, -101.0494, -48.0786
 1452, -47.1632,   4.1491, -29.5006, -18.6498, -36.0834,  47.6202,  38.6780,  20.9723, -11.8506,  43.6665, -100.9941, -48.0626
 1464, -46.9992,   4.1482, -29.4058, -18.5038, -36.1007,  47.3332,  38.7028,  20.8203, -11.9233,  43.5329, -100.9372, -48.0460
 1476, -46.8301,   4.1483, -29.3074, -18.3531, -36.1186,  47.0374,  38.7283,  20.6632, -11.9981,  43.3948, -100.8788, -48.0287
 1488, -46.4765,   4.1521, -29.0996, -18.0373, -36.1560,  46.4196,  38.7819,  20.3342, -12.1537,  43.1051, -100.7574, -47.9921
 1500, -46.4765,   4.1521, -29.0996, -18.0373, -36.1560,  46.4196,  38.7819,  20.3342, -12.1537,  43.1051, -100.7574, -47.9921
 1512, -46.2920,   4.1558, -28.9901, -17.8724, -36.1757,  46.0978,  38.8100,  20.1623, -12.2344,  42.9535, -100.6945, -47.9727
 1524, -46.1026,   4.1609, -28.8768, -17.7027, -36.1960,  45.7674,  38.8388,  19.9855, -12.3170,  42.7975, -100.6302, -47.9526
 1536, -45.9085,   4.1675, -28.7597, -17.5286, -36.2168,  45.4290,  38.8685,  19.8040, -12.4014,  42.6371, -100.5646, -47.9318
 1548, -45.7099,   4.1757, -28.6391, -17.3502, -36.2383,  45.0830,  38.8988,  19.6180, -12.4875,  42.4727, -100.4978, -47.9103
 1560, -45.5070,   4.1855, -28.5150, -17.1678, -36.2603,  44.7299,  38.9299,  19.4277, -12.5750,  42.3043, -100.4299, -47.8881
 1572, -45.3003,   4.1970, -28.3876, -16.9816, -36.2828,  44.3703,  38.9617,  19.2334, -12.6639,  42.1322, -100.3611, -47.8653
 1584, -45.0899,   4.2104, -28.2568, -16.7918, -36.3058,  44.0047,  38.9941,  19.0354, -12.7540,  41.9565, -100.2914, -47.8419
 1596, -44.8761,   4.2256, -28.1230, -16.5988, -36.3292,  43.6335,  39.0271,  18.8338, -12.8453,  41.7775, -100.2210, -47.8179
 1608, -44.6592,   4.2427, -27.9862, -16.4027, -36.3531,  43.2572,  39.0606,  18.6288, -12.9374,  41.5953, -100.1499, -47.7933
 1620, -44.4394,   4.2618, -27.8465, -16.2038, -36.3773,  42.8764,  39.0947,  18.4208, -13.0305,  41.4102, -100.0784, -47.7682
 1632, -44.2171,   4.2829, -27.7041, -16.0023, -36.4019,  42.4914,  39.1293,  18.2099, -13.1242,  41.2222, -100.0064, -47.7425
 1644, -43.9925,   4.3061, -27.5592, -15.7984, -36.4268,  42.1028,  39.1644,  17.9963, -13.2185,  41.0317, -99.9341, -47.7164
 1656, -43.7658,   4.3313, -27.4118, -15.5925, -36.4520,  41.7112,  39.1999,  17.7804, -13.3132,  40.8388, -99.8616, -47.6898
 1668, -43.5373,   4.3587, -27.2621, -15.3847, -36.4773,  41.3168,  39.2358,  17.5622, -13.4084,  40.6437, -99.7889, -47.6627
 1680, -43.0760,   4.4198, -26.9567, -14.9646, -36.5286,  40.5221,  39.3085,  17.1202, -13.5991,  40.2477, -99.6437, -47.6074
 1692, -43.0760,   4.4198, -26.9567, -14.9646, -36.5286,  40.5221,  39.3085,  17.1202, -13.5991,  40.2477, -99.6437, -47.6074
 1704, -42.8438,   4.4535, -26.8013, -14.7528, -36.5543,  40.1227,  39.3454,  16.8969, -13.6946,  40.0471, -99.5712, -47.5792
 1716, -42.6107,   4.4894, -26.6443, -14.5401, -36.5801,  39.7224,  39.3825,  16.6722, -13.7899,  39.8452, -99.4990, -47.5507
 1728, -42.3772,   4.5273, -26.4859, -14.3267, -36.6059,  39.3219,  39.4198,  16.4465, -13.8850,  39.6419, -99.4271, -47.5219
 1740, -42.1434,   4.5673, -26.3262, -14.1130, -36.6316,  38.9214,  39.4572,  16.2199, -13.9798,  39.4377, -99.3557, -47.4929
 1752, -41.9096,   4.6094, -26.1656, -13.8991, -36.6572,  38.5216,  39.4949,  15.9927, -14.0742,  39.2326, -99.2847, -47.4637
 1764, -41.6761,   4.6534, -26.0042, -13.6854, -36.6825,  38.1227,  39.5326,  15.7651, -14.1681,  39.0268, -99.2142, -47.4344
 1776, -41.4430,   4.6994, -25.8421, -13.4719, -36.7076,  37.7254,  39.5704,  15.5373, -14.2614,  38.8205, -99.1444, -47.4049
 1788, -41.2107,   4.7473, -25.6797, -13.2591, -36.7324,  37.3298,  39.6082,  15.3095, -14.3540,  38.6140, -99.0753, -47.3753
 1800, -40.9793,   4.7970, -25.5170, -13.0470, -36.7568,  36.9366,  39.6460,  15.0820, -14.4458,  38.4074, -99.0069, -47.3456
 1812, -40.7488,   4.8485, -25.3542, -12.8358, -36.7808,  36.5456,  39.6839,  14.8547, -14.5368,  38.2007, -98.9393, -47.3159
 1824, -40.5193,   4.9018, -25.1913, -12.6254, -36.8043,  36.1569,  39.7218,  14.6276, -14.6271,  37.9939, -98.8724, -47.2862
 1836, -40.2908,   4.9568, -25.0283, -12.4158, -36.8275,  35.7705,  39.7596,  14.4008, -14.7166,  37.7870, -98.8063, -47.2565
 1848, -40.0632,   5.0135, -24.8652, -12.2071, -36.8503,  35.3864,  39.7975,  14.1743, -14.8053,  37.5800, -98.7409, -47.2267
 1860, -39.8367,   5.0719, -24.7020, -11.9993, -36.8726,  35.0046,  39.8353,  13.9480, -14.8932,  37.3730, -98.6762, -47.1970
 1872, -39.3866,   5.1935, -24.3757, -11.5861, -36.9162,  34.2480,  39.9111,  13.4963, -15.0667,  36.9586, -98.5492, -47.1374
 1884, -39.3866,   5.1935, -24.3757, -11.5861, -36.9162,  34.2480,  39.9111,  13.4963, -15.0667,  36.9586, -98.5492, -47.1374
 1896, -39.1630,   5.2566, -24.2125, -11.3808, -36.9374,  33.8731,  39.9490,  13.2708, -15.1523,  36.7513, -98.4868, -47.1077
 1908, -38.9404,   5.3213, -24.0493, -11.1764, -36.9581,  33.5004,  39.9869,  13.0456, -15.2371,  36.5439, -98.4251, -47.0780
 1920, -38.7189,   5.3874, -23.8863, -10.9729, -36.9785,  33.1301,  40.0248,  12.8207, -15.3212,  36.3364, -98.3642, -47.0483
 1932, -38.4984,   5.4551, -23.7233, -10.7702, -36.9985,  32.7621,  40.0627,  12.5960, -15.4044,  36.1289, -98.3040, -47.0187
 1944, -38.2788,   5.5241, -23.5604, -10.5684, -37.0181,  32.3963,  40.1006,  12.3717, -15.4869,  35.9213, -98.2445, -46.9891
 1956, -38.0603,   5.5945, -23.3976, -10.3675, -37.0373,  32.0328,  40.1385,  12.1476, -15.5687,  35.7135, -98.1858, -46.9596
 1968, -37.8429,   5.6663, -23.2350, -10.1675, -37.0561,  31.6715,  40.1765,  11.9237, -15.6496,  35.5057, -98.1278, -46.9302
 1980, -37.6264,   5.7395, -23.0726,  -9.9684, -37.0745,  31.3125,  40.2144,  11.7002, -15.7298,  35.2978, -98.0705, -46.9008
 1992, -37.4110,   5.8139, -22.9104,  -9.7702, -37.0925,  30.9558,  40.2524,  11.4769, -15.8093,  35.0899, -98.0139, -46.8715
 2004, -37.1966,   5.8896, -22.7483,  -9.5729, -37.1101,  30.6013,  40.2904,  11.2540, -15.8879,  34.8818, -97.9581, -46.8423
 2016, -36.9832,   5.9665, -22.5866,  -9.3765, -37.1273,  30.2491,  40.3284,  11.0313, -15.9658,  34.6737, -97.9030, -46.8133
 2028, -36.7709,   6.0446, -22.4251,  -9.1810, -37.1441,  29.8991,  40.3664,  10.8089, -16.0430,  34.4654, -97.8486, -46.7843
 2040, -36.5596,   6.1239, -22.2638,  -8.9864, -37.1604,  29.5514,  40.4045,  10.5868, -16.1194,  34.2571, -97.7949, -46.7555
 2052, -36.3493,   6.2044, -22.1029,  -8.7928, -37.1764,  29.2059,  40.4425,  10.3650, -16.1950,  34.0488, -97.7419, -46.7268
 2064, -35.9319,   6.3686, -21.7820,  -8.4082, -37.2072,  28.5215,  40.5187,   9.9223, -16.3439,  33.6317, -97.6381, -46.6698
 2076, -35.9319,   6.3686, -21.7820,  -8.4082, -37.2072,  28.5215,  40.5187,   9.9223, -16.3439,  33.6317, -97.6381, -46.6698
 2088, -35.7248,   6.4523, -21.6221,  -8.2173, -37.2219,  28.1826,  40.5568,   9.7014, -16.4172,  33.4231, -97.5872, -46.6415
 2100, -35.5187,   6.5370, -21.4626,  -8.0273, -37.2363,  27.8459,  40.5949,   9.4808, -16.4898,  33.2144, -97.5370, -46.6134
 2112, -35.3136,   6.6227, -21.3035,  -7.8382, -37.2502,  27.5114,  40.6330,   9.2606, -16.5616,  33.0056, -97.4875, -46.5855
 2124, -35.1096,   6.7093, -21.1448,  -7.6500, -37.2638,  27.1791,  40.6712,   9.0406, -16.6327,  32.7968, -97.4388, -46.5577
 2136, -34.9066,   6.7969, -20.9866,  -7.4628, -37.2769,  26.8490,  40.7094,   8.8209, -16.7030,  32.5878, -97.3906, -46.5302
 2148, -34.7047,   6.8854, -20.8288,  -7.2765, -37.2896,  26.5210,  40.7476,   8.6016, -16.7726,  32.3788, -97.3432, -46.5028
 2160, -34.5038,   6.9748, -20.6715,  -7.0912, -37.3018,  26.1952,  40.7859,   8.3825, -16.8414,  32.1697, -97.2965, -46.4756
 2172, -34.3039,   7.0650, -20.5147,  -6.9067, -37.3137,  25.8715,  40.8241,   8.1638, -16.9094,  31.9606, -97.2504, -46.4487
 2184, -34.1051,   7.1561, -20.3585,  -6.7232, -37.3251,  25.5500,  40.8624,   7.9454, -16.9767,  31.7513, -97.2050, -46.4220
 2196, -33.9073,   7.2479, -20.2028,  -6.5406, -37.3361,  25.2307,  40.9007,   7.7274, -17.0433,  31.5420, -97.1603, -46.3955
 2208, -33.7106,   7.3405, -20.0477,  -6.3590, -37.3467,  24.9134,  40.9391,   7.5096, -17.1091,  31.3326, -97.1162, -46.3692
 2220, -33.5148,   7.4338, -19.8931,  -6.1783, -37.3568,  24.5983,  40.9774,   7.2922, -17.1742,  31.1232, -97.0728, -46.3432
 2232, -33.3202,   7.5279, -19.7392,  -5.9985, -37.3665,  24.2852,  41.0158,   7.0751, -17.2385,  30.9137, -97.0301, -46.3175
 2244, -33.1265,   7.6226, -19.5859,  -5.8197, -37.3757,  23.9743,  41.0543,   6.8584, -17.3020,  30.7041, -96.9880, -46.2920
 2256, -32.7423,   7.8140, -19.2811,  -5.4648, -37.3929,  23.3587,  41.1312,   6.4259, -17.4269,  30.2847, -96.9058, -46.2418
 2268, -32.7423,   7.8140, -19.2811,  -5.4648, -37.3929,  23.3587,  41.1312,   6.4259, -17.4269,  30.2847, -96.9058, -46.2418
 2280, -32.5518,   7.9106, -19.1298,  -5.2887, -37.4009,  23.0540,  41.1698,   6.2102, -17.4883,  30.0749, -96.8656, -46.2172
 2292, -32.3623,   8.0078, -18.9791,  -5.1136, -37.4084,  22.7513,  41.2083,   5.9948, -17.5489,  29.8651, -96.8261, -46.1928
 2304, -32.1737,   8.1055, -18.8292,  -4.9394, -37.4154,  22.4507,  41.2469,   5.7797, -17.6087,  29.6551, -96.7872, -46.1688
 2316, -31.9863,   8.2038, -18.6800,  -4.7661, -37.4220,  22.1521,  41.2856,   5.5650, -17.6679,  29.4452, -96.7489, -46.1451
 2328, -31.7998,   8.3026, -18.5316,  -4.5938, -37.4281,  21.8555,  41.3242,   5.3507, -17.7262,  29.2351, -96.7112, -46.1216
 2340, -31.6143,   8.4018, -18.3839,  -4.4224, -37.4337,  21.5610,  41.3630,   5.1367, -17.7839,  29.0250, -96.6742, -46.0985
 2352, -31.4299,   8.5015, -18.2370,  -4.2519, -37.4389,  21.2684,  41.4017,   4.9230, -17.8408,  28.8149, -96.6377, -46.0758
 2364, -31.2465,   8.6016, -18.0909,  -4.0823, -37.4437,  20.9778,  41.4405,   4.7097, -17.8970,  28.6047, -96.6019, -46.0533
 2376, -31.0641,   8.7021, -17.9457,  -3.9137, -37.4479,  20.6892,  41.4793,   4.4968, -17.9524,  28.3944, -96.5667, -46.0313
 2388, -30.8826,   8.8030, -17.8012,  -3.7460, -37.4517,  20.4026,  41.5182,   4.2842, -18.0071,  28.1841, -96.5321, -46.0095
 2400, -30.7022,   8.9042, -17.6577,  -3.5791, -37.4550,  20.1179,  41.5571,   4.0720, -18.0611,  27.9737, -96.4980, -45.9882
 2412, -30.5228,   9.0058, -17.5150,  -3.4133, -37.4578,  19.8351,  41.5961,   3.8602, -18.1144,  27.7633, -96.4646, -45.9672
 2424, -30.3444,   9.1077, -17.3732,  -3.2483, -37.4602,  19.5543,  41.6351,   3.6487, -18.1669,  27.5529, -96.4317, -45.9466
 2436, -30.1670,   9.2098, -17.2323,  -3.0842, -37.4620,  19.2754,  41.6741,   3.4376, -18.2187,  27.3424, -96.3994, -45.9264
 2448, -29.8151,   9.4149, -16.9534,  -2.7588, -37.4643,  18.7233,  41.7523,   3.0165, -18.3202,  26.9212, -96.3364, -45.8871
 2460, -29.8151,   9.4149, -16.9534,  -2.7588, -37.4643,  18.7233,  41.7523,   3.0165, -18.3202,  26.9212, -96.3364, -45.8871
 2472, -29.6406,   9.5177, -16.8153,  -2.5974, -37.4647,  18.4500,  41.7915,   2.8066, -18.3698,  26.7106, -96.3058, -45.8681
 2484, -29.4671,   9.6207, -16.6782,  -2.4370, -37.4645,  18.1786,  41.8308,   2.5970, -18.4187,  26.4999, -96.2758, -45.8495
 2496, -29.2945,   9.7239, -16.5421,  -2.2774, -37.4639,  17.9091,  41.8701,   2.3878, -18.4669,  26.2891, -96.2462, -45.8313
 2508, -29.1230,   9.8273, -16.4071,  -2.1187, -37.4628,  17.6414,  41.9094,   2.1789, -18.5143,  26.0784, -96.2173, -45.8136
 2520, -28.9523,   9.9307, -16.2730,  -1.9610, -37.4611,  17.3755,  41.9488,   1.9705, -18.5611,  25.8676, -96.1888, -45.7963
 2532, -28.7827,  10.0343, -16.1400,  -1.8041, -37.4590,  17.1115,  41.9883,   1.7624, -18.6071,  25.6568, -96.1609, -45.7794
 2544, -28.6140,  10.1379, -16.0081,  -1.6480, -37.4563,  16.8492,  42.0278,   1.5548, -18.6524,  25.4459, -96.1335, -45.7630
 2556, -28.4463,  10.2416, -15.8772,  -1.4929, -37.4531,  16.5887,  42.0673,   1.3475, -18.6970,  25.2350, -96.1066, -45.7471
 2568, -28.2795,  10.3454, -15.7474,  -1.3387, -37.4494,  16.3300,  42.1069,   1.1406, -18.7409,  25.0241, -96.0802, -45.7316
 2580, -28.1136,  10.4491, -15.6187,  -1.1853, -37.4452,  16.0730,  42.1466,    .9341, -18.7841,  24.8132, -96.0543, -45.7166
 2592, -27.9487,  10.5528, -15.4912,  -1.0328, -37.4404,  15.8178,  42.1864,    .7280, -18.8266,  24.6022, -96.0290, -45.7020
 2604, -27.7847,  10.6566, -15.3648,   -.8811, -37.4351,  15.5644,  42.2262,    .5224, -18.8683,  24.3912, -96.0041, -45.6880
 2616, -27.6216,  10.7602, -15.2395,   -.7303, -37.4293,  15.3126,  42.2660,    .3171, -18.9094,  24.1802, -95.9797, -45.6744
 2628, -27.4595,  10.8638, -15.1154,   -.5803, -37.4229,  15.0625,  42.3060,    .1122, -18.9497,  23.9692, -95.9557, -45.6613
 2640, -27.1380,  11.0707, -14.8707,   -.2830, -37.4085,  14.5675,  42.3860,   -.2961, -19.0283,  23.5470, -95.9093, -45.6367
 2652, -27.1380,  11.0707, -14.8707,   -.2830, -37.4085,  14.5675,  42.3860,   -.2961, -19.0283,  23.5470, -95.9093, -45.6367
 2664, -26.9786,  11.1740, -14.7502,   -.1356, -37.4005,  14.3224,  42.4261,   -.4998, -19.0665,  23.3360, -95.8868, -45.6252
 2676, -26.8201,  11.2771, -14.6309,    .0109, -37.3919,  14.0790,  42.4663,   -.7030, -19.1040,  23.1249, -95.8647, -45.6142
 2688, -26.6625,  11.3801, -14.5129,    .1566, -37.3828,  13.8373,  42.5066,   -.9058, -19.1408,  22.9138, -95.8430, -45.6037
 2700, -26.5058,  11.4828, -14.3961,    .3015, -37.3731,  13.5971,  42.5469,  -1.1082, -19.1770,  22.7027, -95.8219, -45.5938
 2712, -26.3499,  11.5854, -14.2806,    .4456, -37.3629,  13.3586,  42.5873,  -1.3101, -19.2124,  22.4916, -95.8011, -45.5844
 2724, -26.1950,  11.6877, -14.1663,    .5888, -37.3521,  13.1216,  42.6278,  -1.5116, -19.2471,  22.2805, -95.7807, -45.5756
 2736, -26.0409,  11.7898, -14.0534,    .7313, -37.3407,  12.8863,  42.6683,  -1.7127, -19.2811,  22.0694, -95.7608, -45.5673
 2748, -25.8877,  11.8916, -13.9418,    .8729, -37.3288,  12.6524,  42.7090,  -1.9134, -19.3145,  21.8583, -95.7413, -45.5596
 2760, -25.7354,  11.9932, -13.8315,   1.0138, -37.3163,  12.4202,  42.7497,  -2.1136, -19.3471,  21.6472, -95.7221, -45.5524
 2772, -25.5840,  12.0944, -13.7225,   1.1538, -37.3032,  12.1894,  42.7905,  -2.3134, -19.3791,  21.4361, -95.7034, -45.5459
 2784, -25.4334,  12.1954, -13.6149,   1.2930, -37.2895,  11.9602,  42.8313,  -2.5127, -19.4104,  21.2250, -95.6851, -45.5399
 2796, -25.2836,  12.2960, -13.5087,   1.4315, -37.2752,  11.7325,  42.8723,  -2.7117, -19.4409,  21.0139, -95.6671, -45.5345
 2808, -25.1347,  12.3962, -13.4038,   1.5692, -37.2604,  11.5063,  42.9133,  -2.9101, -19.4708,  20.8028, -95.6495, -45.5296
 2820, -24.9866,  12.4961, -13.3003,   1.7060, -37.2450,  11.2815,  42.9544,  -3.1082, -19.5000,  20.5918, -95.6323, -45.5254
 2832, -24.6930,  12.6947, -13.0976,   1.9775, -37.2123,  10.8364,  43.0369,  -3.5029, -19.5564,  20.1697, -95.5989, -45.5188
 2844, -24.6930,  12.6947, -13.0976,   1.9775, -37.2123,  10.8364,  43.0369,  -3.5029, -19.5564,  20.1697, -95.5989, -45.5188
 2856, -24.5474,  12.7934, -12.9984,   2.1121, -37.1951,  10.6160,  43.0783,  -3.6996, -19.5836,  19.9588, -95.5827, -45.5164
 2868, -24.4026,  12.8916, -12.9007,   2.2459, -37.1773,  10.3970,  43.1197,  -3.8958, -19.6100,  19.7478, -95.5669, -45.5146
 2880, -24.2586,  12.9894, -12.8044,   2.3790, -37.1589,  10.1794,  43.1613,  -4.0916, -19.6358,  19.5369, -95.5513, -45.5134
 2892, -24.1155,  13.0867, -12.7095,   2.5114, -37.1399,   9.9632,  43.2029,  -4.2869, -19.6610,  19.3259, -95.5361, -45.5129
 2904, -23.9731,  13.1835, -12.6161,   2.6430, -37.1203,   9.7483,  43.2446,  -4.4818, -19.6854,  19.1151, -95.5212, -45.5130
 2916, -23.8316,  13.2799, -12.5243,   2.7738, -37.1001,   9.5349,  43.2865,  -4.6762, -19.7092,  18.9042, -95.5067, -45.5138
 2928, -23.6908,  13.3757, -12.4339,   2.9040, -37.0793,   9.3227,  43.3284,  -4.8702, -19.7323,  18.6934, -95.4924, -45.5151
 2940, -23.5508,  13.4710, -12.3451,   3.0334, -37.0578,   9.1119,  43.3704,  -5.0637, -19.7547,  18.4827, -95.4784, -45.5172
 2952, -23.4116,  13.5657, -12.2578,   3.1621, -37.0358,   8.9024,  43.4125,  -5.2567, -19.7765,  18.2719, -95.4646, -45.5199
 2964, -23.2732,  13.6598, -12.1720,   3.2901, -37.0131,   8.6943,  43.4548,  -5.4492, -19.7975,  18.0612, -95.4512, -45.5232
 2976, -23.1355,  13.7534, -12.0878,   3.4174, -36.9898,   8.4874,  43.4971,  -5.6413, -19.8180,  17.8506, -95.4380, -45.5273
 2988, -22.9986,  13.8464, -12.0051,   3.5439, -36.9660,   8.2818,  43.5395,  -5.8329, -19.8377,  17.6401, -95.4251, -45.5319
 3000, -22.8625,  13.9386, -11.9242,   3.6697, -36.9417,   8.0776,  43.5817,  -6.0239, -19.8568,  17.4298, -95.4123, -45.5370
 3012, -22.7272,  14.0298, -11.8450,   3.7947, -36.9172,   7.8749,  43.6236,  -6.2142, -19.8752,  17.2200, -95.3997, -45.5424
 3024, -22.4593,  14.2086, -11.6925,   4.0418, -36.8685,   7.4748,  43.7053,  -6.5923, -19.9101,  16.8027, -95.3746, -45.5531
 3036, -22.4593,  14.2086, -11.6925,   4.0418, -36.8685,   7.4748,  43.7053,  -6.5923, -19.9101,  16.8027, -95.3746, -45.5531
 3048, -22.3268,  14.2958, -11.6194,   4.1637, -36.8446,   7.2776,  43.7447,  -6.7798, -19.9265,  16.5956, -95.3620, -45.5580
 3060, -22.1952,  14.3813, -11.5485,   4.2844, -36.8213,   7.0825,  43.7826,  -6.9662, -19.9423,  16.3898, -95.3493, -45.5623
 3072, -22.0646,  14.4649, -11.4799,   4.4039, -36.7989,   6.8896,  43.8190,  -7.1513, -19.9574,  16.1856, -95.3364, -45.5658
 3084, -21.9350,  14.5465, -11.4138,   4.5220, -36.7775,   6.6991,  43.8536,  -7.3351, -19.9719,  15.9831, -95.3234, -45.5682
 3096, -21.8065,  14.6258, -11.3503,   4.6386, -36.7573,   6.5111,  43.8860,  -7.5174, -19.9858,  15.7825, -95.3100, -45.5692
 3108, -21.6791,  14.7027, -11.2893,   4.7537, -36.7386,   6.3257,  43.9161,  -7.6982, -19.9991,  15.5841, -95.2964, -45.5688
 3120, -21.5528,  14.7770, -11.2312,   4.8671, -36.7216,   6.1432,  43.9436,  -7.8773, -20.0118,  15.3880, -95.2825, -45.5665
 3132, -21.4276,  14.8485, -11.1758,   4.9787, -36.7064,   5.9636,  43.9682,  -8.0547, -20.0240,  15.1944, -95.2682, -45.5622
 3144, -21.3035,  14.9171, -11.1235,   5.0885, -36.6932,   5.7871,  43.9898,  -8.2302, -20.0356,  15.0035, -95.2534, -45.5556
 3156, -21.1807,  14.9825, -11.0741,   5.1963, -36.6824,   5.6139,  44.0079,  -8.4038, -20.0467,  14.8156, -95.2382, -45.5464
 3168, -21.0590,  15.0446, -11.0279,   5.3019, -36.6740,   5.4441,  44.0224,  -8.5754, -20.0572,  14.6307, -95.2225, -45.5344
 3180, -20.9386,  15.1032, -10.9849,   5.4054, -36.6683,   5.2778,  44.0329,  -8.7449, -20.0674,  14.4492, -95.2063, -45.5193
 3192, -20.8193,  15.1582, -10.9452,   5.5066, -36.6656,   5.1153,  44.0393,  -8.9121, -20.0770,  14.2711, -95.1895, -45.5008
 3204, -20.7014,  15.2093, -10.9089,   5.6053, -36.6659,   4.9566,  44.0412,  -9.0770, -20.0862,  14.0966, -95.1721, -45.4787
 3216, -20.4692,  15.2994, -10.8469,   5.7950, -36.6769,   4.6513,  44.0306,  -9.3995, -20.1034,  13.7594, -95.1354, -45.4225
 3228, -20.4692,  15.2994, -10.8469,   5.7950, -36.6769,   4.6513,  44.0306,  -9.3995, -20.1034,  13.7594, -95.1354, -45.4225
 3240, -20.3551,  15.3379, -10.8212,   5.8857, -36.6880,   4.5051,  44.0176,  -9.5569, -20.1115,  13.5970, -95.1161, -45.3879
 3252, -20.2423,  15.3720, -10.7993,   5.9736, -36.7030,   4.3633,  43.9990,  -9.7116, -20.1192,  13.4389, -95.0961, -45.3484
 3264, -20.1308,  15.4014, -10.7811,   6.0584, -36.7223,   4.2261,  43.9746,  -9.8636, -20.1266,  13.2854, -95.0753, -45.3040
 3276, -20.0206,  15.4261, -10.7667,   6.1402, -36.7457,   4.0936,  43.9444, -10.0127, -20.1336,  13.1363, -95.0538, -45.2545
 3288, -19.9117,  15.4462, -10.7559,   6.2190, -36.7735,   3.9656,  43.9084, -10.1591, -20.1403,  12.9918, -95.0316, -45.1999
 3300, -19.8040,  15.4616, -10.7488,   6.2946, -36.8055,   3.8422,  43.8664, -10.3026, -20.1468,  12.8517, -95.0088, -45.1400
 3312, -19.6975,  15.4723, -10.7452,   6.3672, -36.8419,   3.7234,  43.8185, -10.4434, -20.1529,  12.7160, -94.9852, -45.0749
 3324, -19.5923,  15.4784, -10.7452,   6.4367, -36.8826,   3.6092,  43.7647, -10.5814, -20.1587,  12.5847, -94.9610, -45.0045
 3336, -19.4882,  15.4798, -10.7487,   6.5031, -36.9277,   3.4995,  43.7049, -10.7166, -20.1643,  12.4578, -94.9361, -44.9287
 3348, -19.3853,  15.4767, -10.7557,   6.5663, -36.9771,   3.3944,  43.6392, -10.8490, -20.1695,  12.3352, -94.9106, -44.8475
 3360, -19.2835,  15.4689, -10.7660,   6.6265, -37.0311,   3.2938,  43.5674, -10.9785, -20.1745,  12.2169, -94.8845, -44.7609
 3372, -19.1828,  15.4565, -10.7796,   6.6835, -37.0895,   3.1977,  43.4896, -11.1052, -20.1791,  12.1028, -94.8577, -44.6688
 3384, -19.0832,  15.4395, -10.7965,   6.7374, -37.1524,   3.1061,  43.4057, -11.2290, -20.1834,  11.9931, -94.8303, -44.5712
 3396, -18.9847,  15.4180, -10.8166,   6.7881, -37.2199,   3.0190,  43.3158, -11.3500, -20.1874,  11.8876, -94.8022, -44.4680
 3408, -18.7907,  15.3612, -10.8662,   6.8802, -37.3686,   2.8580,  43.1177, -11.5831, -20.1943,  11.6891, -94.7442, -44.2448
 3420, -18.7907,  15.3612, -10.8662,   6.8802, -37.3686,   2.8580,  43.1177, -11.5831, -20.1943,  11.6891, -94.7442, -44.2448
 3432, -18.6952,  15.3260, -10.8955,   6.9215, -37.4500,   2.7842,  43.0095, -11.6952, -20.1972,  11.5961, -94.7141, -44.1247
 3444, -18.6007,  15.2863, -10.9278,   6.9597, -37.5360,   2.7148,  42.8951, -11.8043, -20.1996,  11.5073, -94.6835, -43.9990
 3456, -18.5072,  15.2422, -10.9630,   6.9948, -37.6268,   2.6497,  42.7746, -11.9104, -20.2017,  11.4225, -94.6522, -43.8675
 3468, -18.4146,  15.1935, -11.0011,   7.0268, -37.7223,   2.5890,  42.6480, -12.0134, -20.2033,  11.3419, -94.6202, -43.7303
 3480, -18.3229,  15.1404, -11.0419,   7.0557, -37.8227,   2.5325,  42.5151, -12.1133, -20.2044,  11.2654, -94.5874, -43.5873
 3492, -18.2321,  15.0828, -11.0854,   7.0816, -37.9280,   2.4804,  42.3762, -12.2100, -20.2050,  11.1929, -94.5540, -43.4385
 3504, -18.1422,  15.0208, -11.1315,   7.1043, -38.0382,   2.4325,  42.2310, -12.3035, -20.2050,  11.1245, -94.5199, -43.2840
 3516, -18.0532,  14.9544, -11.1801,   7.1240, -38.1533,   2.3888,  42.0797, -12.3937, -20.2045,  11.0601, -94.4849, -43.1236
 3528, -17.9650,  14.8837, -11.2312,   7.1407, -38.2735,   2.3492,  41.9221, -12.4805, -20.2033,  10.9997, -94.4492, -42.9574
 3540, -17.8777,  14.8086, -11.2847,   7.1544, -38.3986,   2.3139,  41.7585, -12.5641, -20.2015,  10.9433, -94.4127, -42.7854
 3552, -17.7911,  14.7293, -11.3404,   7.1653, -38.5287,   2.2824,  41.5889, -12.6443, -20.1990,  10.8907, -94.3754, -42.6078
 3564, -17.7052,  14.6461, -11.3982,   7.1733, -38.6635,   2.2547,  41.4136, -12.7212, -20.1957,  10.8416, -94.3374, -42.4248
 3576, -17.6200,  14.5591, -11.4578,   7.1788, -38.8030,   2.2306,  41.2329, -12.7949, -20.1917,  10.7960, -94.2985, -42.2367
 3588, -17.5354,  14.4686, -11.5190,   7.1817, -38.9469,   2.2098,  41.0470, -12.8655, -20.1868,  10.7535, -94.2590, -42.0437
 3600, -17.3680,  14.2776, -11.6457,   7.1806, -39.2473,   2.1776,  40.6608, -12.9975, -20.1744,  10.6772, -94.1778, -41.6440
 3612, -17.3680,  14.2776, -11.6457,   7.1806, -39.2473,   2.1776,  40.6608, -12.9975, -20.1744,  10.6772, -94.1778, -41.6440
 3624, -17.2850,  14.1775, -11.7109,   7.1768, -39.4036,   2.1657,  40.4610, -13.0590, -20.1669,  10.6430, -94.1363, -41.4378
 3636, -17.2024,  14.0747, -11.7770,   7.1709, -39.5637,   2.1565,  40.2571, -13.1177, -20.1584,  10.6112, -94.0940, -41.2277
 3648, -17.1202,  13.9693, -11.8439,   7.1632, -39.7275,   2.1497,  40.0494, -13.1735, -20.1489,  10.5815, -94.0512, -41.0140
 3660, -17.0384,  13.8614, -11.9115,   7.1538, -39.8947,   2.1450,  39.8380, -13.2266, -20.1384,  10.5538, -94.0078, -40.7968
 3672, -16.9568,  13.7514, -11.9795,   7.1427, -40.0653,   2.1424,  39.6233, -13.2771, -20.1268,  10.5278, -93.9638, -40.5765
 3684, -16.8756,  13.6394, -12.0478,   7.1301, -40.2390,   2.1417,  39.4056, -13.3250, -20.1142,  10.5034, -93.9193, -40.3533
 3696, -16.7945,  13.5255, -12.1163,   7.1161, -40.4156,   2.1426,  39.1850, -13.3704, -20.1005,  10.4804, -93.8743, -40.1274
 3708, -16.7136,  13.4101, -12.1848,   7.1009, -40.5951,   2.1450,  38.9619, -13.4134, -20.0858,  10.4585, -93.8289, -39.8991
 3720, -16.6328,  13.2932, -12.2532,   7.0845, -40.7772,   2.1487,  38.7366, -13.4542, -20.0699,  10.4376, -93.7831, -39.6687
 3732, -16.5521,  13.1751, -12.3212,   7.0670, -40.9617,   2.1536,  38.5092, -13.4927, -20.0529,  10.4174, -93.7368, -39.4363
 3744, -16.4715,  13.0559, -12.3889,   7.0486, -41.1485,   2.1594,  38.2801, -13.5292, -20.0348,  10.3978, -93.6903, -39.2023
 3756, -16.3908,  12.9358, -12.4560,   7.0294, -41.3373,   2.1660,  38.0495, -13.5637, -20.0156,  10.3786, -93.6436, -38.9669
 3768, -16.3102,  12.8151, -12.5225,   7.0094, -41.5280,   2.1732,  37.8177, -13.5964, -19.9953,  10.3596, -93.5965, -38.7304
 3780, -16.2295,  12.6939, -12.5881,   6.9889, -41.7204,   2.1809,  37.5850, -13.6273, -19.9738,  10.3406, -93.5494, -38.4929
 3792, -16.0678,  12.4507, -12.7164,   6.9464, -42.1095,   2.1969,  37.1176, -13.6846, -19.9277,  10.3017, -93.4548, -38.0162
 3804, -16.0678,  12.4507, -12.7164,   6.9464, -42.1095,   2.1969,  37.1176, -13.6846, -19.9277,  10.3017, -93.4548, -38.0162
 3816, -15.9867,  12.3291, -12.7788,   6.9246, -42.3058,   2.2050,  36.8834, -13.7111, -19.9030,  10.2814, -93.4075, -37.7775
 3828, -15.9054,  12.2075, -12.8401,   6.9025, -42.5032,   2.2131,  36.6491, -13.7363, -19.8773,  10.2606, -93.3602, -37.5385
 3840, -15.8240,  12.0860, -12.9002,   6.8802, -42.7017,   2.2211,  36.4146, -13.7601, -19.8505,  10.2392, -93.3130, -37.2994
 3852, -15.7424,  11.9646, -12.9590,   6.8575, -42.9013,   2.2290,  36.1799, -13.7827, -19.8227,  10.2171, -93.2657, -37.0602
 3864, -15.6606,  11.8433, -13.0167,   6.8346, -43.1020,   2.2370,  35.9451, -13.8039, -19.7938,  10.1945, -93.2186, -36.8208
 3876, -15.5787,  11.7220, -13.0732,   6.8114, -43.3037,   2.2448,  35.7102, -13.8237, -19.7639,  10.1712, -93.1714, -36.5812
 3888, -15.4966,  11.6009, -13.1285,   6.7879, -43.5066,   2.2526,  35.4751, -13.8422, -19.7329,  10.1474, -93.1243, -36.3416
 3900, -15.4143,  11.4799, -13.1825,   6.7641, -43.7106,   2.2604,  35.2398, -13.8594, -19.7009,  10.1229, -93.0773, -36.1018
 3912, -15.3319,  11.3589, -13.2353,   6.7400, -43.9156,   2.2681,  35.0045, -13.8753, -19.6678,  10.0979, -93.0303, -35.8618
 3924, -15.2493,  11.2381, -13.2869,   6.7157, -44.1217,   2.2757,  34.7690, -13.8898, -19.6336,  10.0722, -92.9833, -35.6218
 3936, -15.1666,  11.1174, -13.3373,   6.6911, -44.3289,   2.2832,  34.5334, -13.9030, -19.5984,  10.0459, -92.9365, -35.3817
 3948, -15.0836,  10.9969, -13.3864,   6.6662, -44.5372,   2.2907,  34.2977, -13.9148, -19.5622,  10.0191, -92.8896, -35.1415
 3960, -15.0005,  10.8765, -13.4342,   6.6411, -44.7466,   2.2981,  34.0619, -13.9253, -19.5248,   9.9916, -92.8429, -34.9012
 3972, -14.9173,  10.7562, -13.4808,   6.6157, -44.9571,   2.3053,  33.8260, -13.9345, -19.4865,   9.9636, -92.7962, -34.6608
 3984, -14.7502,  10.5162, -13.5702,   6.5642, -45.3812,   2.3196,  33.3541, -13.9488, -19.4067,   9.9057, -92.7031, -34.1798
 3996, -14.7502,  10.5162, -13.5702,   6.5642, -45.3812,   2.3196,  33.3541, -13.9488, -19.4067,   9.9057, -92.7031, -34.1798
 4008, -14.6665,  10.3964, -13.6130,   6.5380, -45.5949,   2.3266,  33.1180, -13.9539, -19.3652,   9.8759, -92.6566, -33.9392
 4020, -14.5825,  10.2768, -13.6545,   6.5116, -45.8097,   2.3335,  32.8819, -13.9577, -19.3226,   9.8455, -92.6103, -33.6985
 4032, -14.4984,  10.1573, -13.6947,   6.4850, -46.0255,   2.3403,  32.6457, -13.9602, -19.2790,   9.8145, -92.5641, -33.4578
 4044, -14.4142,  10.0381, -13.7336,   6.4581, -46.2425,   2.3470,  32.4095, -13.9614, -19.2344,   9.7829, -92.5179, -33.2171
 4056, -14.3297,   9.9191, -13.7712,   6.4310, -46.4605,   2.3535,  32.1732, -13.9612, -19.1887,   9.7507, -92.4719, -32.9764
 4068, -14.2451,   9.8003, -13.8075,   6.4036, -46.6795,   2.3599,  31.9370, -13.9596, -19.1420,   9.7179, -92.4259, -32.7356
 4080, -14.1603,   9.6816, -13.8425,   6.3760, -46.8997,   2.3663,  31.7007, -13.9568, -19.0942,   9.6846, -92.3801, -32.4948
 4092, -14.0754,   9.5632, -13.8762,   6.3482, -47.1209,   2.3724,  31.4644, -13.9526, -19.0454,   9.6506, -92.3344, -32.2541
 4104, -13.9903,   9.4451, -13.9085,   6.3201, -47.3431,   2.3785,  31.2281, -13.9470, -18.9955,   9.6161, -92.2888, -32.0133
 4116, -13.9050,   9.3272, -13.9395,   6.2918, -47.5665,   2.3843,  30.9919, -13.9402, -18.9446,   9.5810, -92.2434, -31.7725
 4128, -13.8196,   9.2095, -13.9692,   6.2633, -47.7908,   2.3901,  30.7556, -13.9320, -18.8927,   9.5453, -92.1981, -31.5317
 4140, -13.7340,   9.0921, -13.9974,   6.2346, -48.0163,   2.3957,  30.5194, -13.9224, -18.8397,   9.5091, -92.1529, -31.2910
 4152, -13.6482,   8.9749, -14.0244,   6.2056, -48.2428,   2.4012,  30.2832, -13.9116, -18.7856,   9.4723, -92.1079, -31.0503
 4164, -13.5623,   8.8580, -14.0500,   6.1764, -48.4704,   2.4065,  30.0470, -13.8994, -18.7306,   9.4349, -92.0630, -30.8096
 4176, -13.3899,   8.6251, -14.0970,   6.1174, -48.9287,   2.4166,  29.5749, -13.8711, -18.6173,   9.3584, -91.9737, -30.3285
 4188, -13.3899,   8.6251, -14.0970,   6.1174, -48.9287,   2.4166,  29.5749, -13.8711, -18.6173,   9.3584, -91.9737, -30.3285
 4200, -13.3035,   8.5091, -14.1184,   6.0876, -49.1594,   2.4214,  29.3389, -13.8549, -18.5591,   9.3193, -91.9293, -30.0879
 4212, -13.2169,   8.3934, -14.1385,   6.0576, -49.3911,   2.4261,  29.1030, -13.8374, -18.4999,   9.2796, -91.8851, -29.8475
 4224, -13.1301,   8.2780, -14.1571,   6.0273, -49.6239,   2.4306,  28.8672, -13.8186, -18.4396,   9.2394, -91.8410, -29.6072
 4236, -13.0432,   8.1629, -14.1743,   5.9969, -49.8578,   2.4349,  28.6315, -13.7985, -18.3783,   9.1987, -91.7972, -29.3669
 4248, -12.9561,   8.0482, -14.1902,   5.9662, -50.0927,   2.4390,  28.3958, -13.7771, -18.3159,   9.1573, -91.7535, -29.1267
 4260, -12.8688,   7.9338, -14.2046,   5.9354, -50.3286,   2.4429,  28.1603, -13.7543, -18.2525,   9.1155, -91.7100, -28.8866
 4272, -12.7814,   7.8197, -14.2175,   5.9043, -50.5656,   2.4467,  27.9249, -13.7302, -18.1881,   9.0730, -91.6667, -28.6466
 4284, -12.6938,   7.7061, -14.2291,   5.8731, -50.8035,   2.4502,  27.6896, -13.7049, -18.1226,   9.0301, -91.6237, -28.4068
 4296, -12.6060,   7.5928, -14.2392,   5.8416, -51.0426,   2.4536,  27.4544, -13.6782, -18.0561,   8.9866, -91.5808, -28.1670
 4308, -12.5181,   7.4798, -14.2478,   5.8100, -51.2826,   2.4567,  27.2194, -13.6502, -17.9885,   8.9425, -91.5381, -27.9274
 4320, -12.4300,   7.3673, -14.2550,   5.7781, -51.5237,   2.4597,  26.9845, -13.6209, -17.9199,   8.8979, -91.4957, -27.6879
 4332, -12.3418,   7.2551, -14.2607,   5.7461, -51.7658,   2.4624,  26.7498, -13.5903, -17.8503,   8.8528, -91.4535, -27.4485
 4344, -12.2534,   7.1434, -14.2650,   5.7138, -52.0089,   2.4650,  26.5152, -13.5584, -17.7796,   8.8071, -91.4115, -27.2093
 4356, -12.1648,   7.0321, -14.2678,   5.6814, -52.2530,   2.4673,  26.2809, -13.5252, -17.7079,   8.7610, -91.3698, -26.9703
 4368, -11.9872,   6.8107, -14.2689,   5.6160, -52.7443,   2.4713,  25.8126, -13.4548, -17.5614,   8.6670, -91.2871, -26.4927
 4380, -11.9872,   6.8107, -14.2689,   5.6160, -52.7443,   2.4713,  25.8126, -13.4548, -17.5614,   8.6670, -91.2871, -26.4927
 4392, -11.8982,   6.7007, -14.2671,   5.5830, -52.9914,   2.4730,  25.5788, -13.4178, -17.4865,   8.6193, -91.2461, -26.2541
 4404, -11.8090,   6.5912, -14.2639,   5.5498, -53.2396,   2.4744,  25.3451, -13.3794, -17.4107,   8.5710, -91.2054, -26.0158
 4416, -11.7196,   6.4821, -14.2592,   5.5165, -53.4887,   2.4756,  25.1117, -13.3397, -17.3338,   8.5222, -91.1650, -25.7776
 4428, -11.6301,   6.3735, -14.2529,   5.4829, -53.7389,   2.4766,  24.8784, -13.2987, -17.2558,   8.4729, -91.1248, -25.5396
 4440, -11.5404,   6.2653, -14.2452,   5.4492, -53.9900,   2.4773,  24.6454, -13.2565, -17.1769,   8.4231, -91.0849, -25.3018
 4452, -11.4506,   6.1577, -14.2358,   5.4153, -54.2421,   2.4778,  24.4127, -13.2130, -17.0969,   8.3728, -91.0453, -25.0643
 4464, -11.3606,   6.0506, -14.2250,   5.3813, -54.4952,   2.4781,  24.1801, -13.1682, -17.0158,   8.3220, -91.0060, -24.8269
 4476, -11.2704,   5.9440, -14.2125,   5.3470, -54.7493,   2.4781,  23.9478, -13.1221, -16.9337,   8.2707, -90.9670, -24.5898
 4488, -11.1801,   5.8379, -14.1986,   5.3126, -55.0044,   2.4778,  23.7158, -13.0748, -16.8506,   8.2190, -90.9283, -24.3529
 4500, -11.0897,   5.7324, -14.1830,   5.2779, -55.2605,   2.4773,  23.4840, -13.0262, -16.7664,   8.1667, -90.8899, -24.1163
 4512, -10.9991,   5.6274, -14.1659,   5.2432, -55.5175,   2.4766,  23.2525, -12.9763, -16.6812,   8.1139, -90.8518, -23.8798
 4524, -10.9083,   5.5229, -14.1472,   5.2082, -55.7755,   2.4755,  23.0212, -12.9252, -16.5949,   8.0607, -90.8140, -23.6437
 4536, -10.8174,   5.4190, -14.1269,   5.1730, -56.0344,   2.4743,  22.7902, -12.8728, -16.5077,   8.0070, -90.7766, -23.4078
 4548, -10.7263,   5.3157, -14.1050,   5.1377, -56.2944,   2.4727,  22.5596, -12.8192, -16.4193,   7.9528, -90.7395, -23.1722
 4560, -10.5437,   5.1109, -14.0564,   5.0666, -56.8171,   2.4688,  22.0991, -12.7081, -16.2396,   7.8430, -90.6663, -22.7017
 4572, -10.5437,   5.1109, -14.0564,   5.0666, -56.8171,   2.4688,  22.0991, -12.7081, -16.2396,   7.8430, -90.6663, -22.7017
 4584, -10.4522,   5.0094, -14.0296,   5.0307, -57.0799,   2.4664,  21.8693, -12.6507, -16.1481,   7.7874, -90.6303, -22.4669
 4596, -10.3605,   4.9086, -14.0013,   4.9947, -57.3436,   2.4638,  21.6398, -12.5921, -16.0556,   7.7314, -90.5946, -22.2324
 4608, -10.2687,   4.8083, -13.9713,   4.9586, -57.6083,   2.4609,  21.4106, -12.5322, -15.9621,   7.6749, -90.5593, -21.9981
 4620, -10.1767,   4.7087, -13.9396,   4.9222, -57.8739,   2.4576,  21.1818, -12.4711, -15.8675,   7.6179, -90.5243, -21.7642
 4632, -10.0846,   4.6098, -13.9063,   4.8857, -58.1404,   2.4541,  20.9533, -12.4088, -15.7719,   7.5605, -90.4897, -21.5306
 4644,  -9.9923,   4.5115, -13.8714,   4.8490, -58.4079,   2.4503,  20.7252, -12.3452, -15.6753,   7.5027, -90.4555, -21.2973
 4656,  -9.8999,   4.4139, -13.8347,   4.8122, -58.6763,   2.4463,  20.4974, -12.2804, -15.5776,   7.4444, -90.4217, -21.0643
 4668,  -9.8074,   4.3170, -13.7964,   4.7751, -58.9456,   2.4419,  20.2699, -12.2144, -15.4788,   7.3857, -90.3883, -20.8317
 4680,  -9.7147,   4.2207, -13.7564,   4.7379, -59.2159,   2.4372,  20.0428, -12.1471, -15.3790,   7.3266, -90.3552, -20.5994
 4692,  -9.6218,   4.1252, -13.7147,   4.7006, -59.4871,   2.4322,  19.8161, -12.0787, -15.2782,   7.2670, -90.3226, -20.3674
 4704,  -9.5288,   4.0304, -13.6714,   4.6630, -59.7591,   2.4269,  19.5897, -12.0090, -15.1763,   7.2070, -90.2904, -20.1357
 4716,  -9.4357,   3.9363, -13.6263,   4.6253, -60.0321,   2.4213,  19.3637, -11.9382, -15.0734,   7.1466, -90.2587, -19.9045
 4728,  -9.3425,   3.8430, -13.5795,   4.5874, -60.3060,   2.4154,  19.1381, -11.8661, -14.9695,   7.0858, -90.2273, -19.6735
 4740,  -9.2490,   3.7504, -13.5309,   4.5494, -60.5808,   2.4092,  18.9129, -11.7928, -14.8644,   7.0246, -90.1964, -19.4430
 4752,  -9.0618,   3.5675, -13.4287,   4.4727, -61.1331,   2.3957,  18.4637, -11.6427, -14.6513,   6.9009, -90.1358, -18.9830
 4764,  -9.0618,   3.5675, -13.4287,   4.4727, -61.1331,   2.3957,  18.4637, -11.6427, -14.6513,   6.9009, -90.1358, -18.9830
 4776,  -8.9680,   3.4773, -13.3749,   4.4342, -61.4106,   2.3885,  18.2397, -11.5658, -14.5431,   6.8385, -90.1062, -18.7535
 4788,  -8.8741,   3.3878, -13.3194,   4.3954, -61.6889,   2.3810,  18.0161, -11.4878, -14.4339,   6.7756, -90.0771, -18.5245
 4800,  -8.7800,   3.2992, -13.2621,   4.3565, -61.9682,   2.3732,  17.7929, -11.4086, -14.3237,   6.7124, -90.0484, -18.2958
 4812,  -8.6858,   3.2113, -13.2031,   4.3175, -62.2483,   2.3650,  17.5702, -11.3282, -14.2124,   6.6488, -90.0202, -18.0676
 4824,  -8.5914,   3.1243, -13.1423,   4.2782, -62.5292,   2.3565,  17.3478, -11.2466, -14.1000,   6.5848, -89.9924, -17.8397
 4836,  -8.4970,   3.0381, -13.0797,   4.2388, -62.8111,   2.3476,  17.1260, -11.1639, -13.9866,   6.5205, -89.9652, -17.6123
 4848,  -8.4024,   2.9528, -13.0153,   4.1992, -63.0938,   2.3384,  16.9045, -11.0799, -13.8721,   6.4558, -89.9384, -17.3852
 4860,  -8.3076,   2.8684, -12.9491,   4.1594, -63.3774,   2.3289,  16.6835, -10.9949, -13.7566,   6.3907, -89.9121, -17.1586
 4872,  -8.2128,   2.7848, -12.8810,   4.1195, -63.6618,   2.3190,  16.4630, -10.9086, -13.6400,   6.3252, -89.8863, -16.9324
 4884,  -8.1178,   2.7021, -12.8112,   4.0794, -63.9471,   2.3088,  16.2429, -10.8213, -13.5224,   6.2594, -89.8610, -16.7067
 4896,  -8.0227,   2.6203, -12.7395,   4.0390, -64.2332,   2.2982,  16.0232, -10.7327, -13.4037,   6.1932, -89.8362, -16.4813
 4908,  -7.9275,   2.5394, -12.6660,   3.9986, -64.5202,   2.2873,  15.8041, -10.6431, -13.2840,   6.1267, -89.8119, -16.2565
 4920,  -7.8321,   2.4595, -12.5906,   3.9579, -64.8080,   2.2760,  15.5854, -10.5522, -13.1632,   6.0599, -89.7881, -16.0320
 4932,  -7.7367,   2.3805, -12.5134,   3.9171, -65.0966,   2.2644,  15.3672, -10.4603, -13.0413,   5.9927, -89.7649, -15.8080
 4944,  -7.5454,   2.2252, -12.3534,   3.8349, -65.6764,   2.2400,  14.9322, -10.2730, -12.7944,   5.8573, -89.7200, -15.3615
 4956,  -7.5454,   2.2252, -12.3534,   3.8349, -65.6764,   2.2400,  14.9322, -10.2730, -12.7944,   5.8573, -89.7200, -15.3615
 4968,  -7.4495,   2.1491, -12.2706,   3.7935, -65.9675,   2.2272,  14.7154, -10.1776, -12.6693,   5.7891, -89.6983, -15.1389
 4980,  -7.3536,   2.0739, -12.1858,   3.7520, -66.2594,   2.2141,  14.4992, -10.0812, -12.5432,   5.7205, -89.6772, -14.9167
 4992,  -7.2575,   1.9997, -12.0992,   3.7102, -66.5522,   2.2006,  14.2834,  -9.9836, -12.4160,   5.6517, -89.6567, -14.6951
 5004,  -7.1614,   1.9265, -12.0107,   3.6683, -66.8457,   2.1868,  14.0681,  -9.8849, -12.2878,   5.5825, -89.6367, -14.4739
 5016,  -7.0651,   1.8543, -11.9203,   3.6262, -67.1401,   2.1725,  13.8534,  -9.7850, -12.1585,   5.5131, -89.6173, -14.2532
 5028,  -6.9687,   1.7832, -11.8279,   3.5839, -67.4352,   2.1579,  13.6391,  -9.6841, -12.0281,   5.4433, -89.5984, -14.0331
 5040,  -6.8722,   1.7131, -11.7336,   3.5414, -67.7312,   2.1429,  13.4254,  -9.5821, -11.8966,   5.3732, -89.5801, -13.8134
 5052,  -6.7756,   1.6440, -11.6374,   3.4987, -68.0280,   2.1275,  13.2122,  -9.4790, -11.7640,   5.3029, -89.5624, -13.5942
 5064,  -6.6789,   1.5760, -11.5392,   3.4559, -68.3255,   2.1117,  12.9995,  -9.3748, -11.6304,   5.2322, -89.5453, -13.3755
 5076,  -6.5821,   1.5091, -11.4390,   3.4128, -68.6239,   2.0956,  12.7874,  -9.2695, -11.4957,   5.1613, -89.5288, -13.1573
 5088,  -6.4852,   1.4432, -11.3369,   3.3696, -68.9230,   2.0790,  12.5757,  -9.1631, -11.3600,   5.0900, -89.5128, -12.9397
 5100,  -6.3882,   1.3784, -11.2328,   3.3261, -69.2229,   2.0620,  12.3647,  -9.0556, -11.2231,   5.0185, -89.4975, -12.7225
 5112,  -6.2911,   1.3148, -11.1267,   3.2825, -69.5236,   2.0447,  12.1541,  -8.9470, -11.0852,   4.9467, -89.4827, -12.5059
 5124,  -6.1939,   1.2522, -11.0186,   3.2386, -69.8250,   2.0269,  11.9441,  -8.8374, -10.9462,   4.8747, -89.4686, -12.2898
 5136,  -5.9992,   1.1306, -10.7964,   3.1503, -70.4302,   1.9901,  11.5257,  -8.6150, -10.6649,   4.7297, -89.4422, -11.8593
 5148,  -5.9992,   1.1306, -10.7964,   3.1503, -70.4302,   1.9901,  11.5257,  -8.6150, -10.6649,   4.7297, -89.4422, -11.8593
 5160,  -5.9018,   1.0715, -10.6823,   3.1059, -70.7339,   1.9711,  11.3174,  -8.5021, -10.5226,   4.6569, -89.4299, -11.6448
 5172,  -5.8042,   1.0135, -10.5661,   3.0612, -71.0384,   1.9517,  11.1096,  -8.3882, -10.3792,   4.5838, -89.4183, -11.4309
 5184,  -5.7065,    .9567, -10.4479,   3.0164, -71.3437,   1.9319,  10.9024,  -8.2733, -10.2348,   4.5104, -89.4073, -11.2175
 5196,  -5.6088,    .9011, -10.3277,   2.9713, -71.6497,   1.9117,  10.6957,  -8.1573, -10.0892,   4.4368, -89.3969, -11.0047
 5208,  -5.5109,    .8467, -10.2054,   2.9260, -71.9564,   1.8910,  10.4896,  -8.0403,  -9.9426,   4.3630, -89.3872, -10.7925
 5220,  -5.4130,    .7936, -10.0810,   2.8805, -72.2639,   1.8699,  10.2840,  -7.9222,  -9.7948,   4.2889, -89.3781, -10.5808
 5232,  -5.3150,    .7416,  -9.9545,   2.8348, -72.5722,   1.8484,  10.0791,  -7.8031,  -9.6460,   4.2146, -89.3697, -10.3696
 5244,  -5.2170,    .6909,  -9.8259,   2.7889, -72.8812,   1.8265,   9.8747,  -7.6829,  -9.4960,   4.1400, -89.3620, -10.1591
 5256,  -5.1188,    .6414,  -9.6952,   2.7427, -73.1909,   1.8041,   9.6709,  -7.5617,  -9.3450,   4.0652, -89.3549,  -9.9491
 5268,  -5.0206,    .5932,  -9.5625,   2.6963, -73.5013,   1.7813,   9.4676,  -7.4395,  -9.1928,   3.9902, -89.3485,  -9.7397
 5280,  -4.9223,    .5463,  -9.4276,   2.6498, -73.8125,   1.7580,   9.2650,  -7.3162,  -9.0396,   3.9150, -89.3428,  -9.5309
 5292,  -4.8239,    .5006,  -9.2905,   2.6029, -74.1244,   1.7343,   9.0629,  -7.1919,  -8.8852,   3.8396, -89.3377,  -9.3227
 5304,  -4.7254,    .4562,  -9.1513,   2.5559, -74.4370,   1.7102,   8.8614,  -7.0667,  -8.7297,   3.7640, -89.3333,  -9.1150
 5316,  -4.6269,    .4132,  -9.0100,   2.5086, -74.7503,   1.6856,   8.6606,  -6.9404,  -8.5731,   3.6881, -89.3296,  -8.9080
 5328,  -4.4297,    .3310,  -8.7208,   2.4133, -75.3792,   1.6350,   8.2606,  -6.6847,  -8.2565,   3.5359, -89.3244,  -8.4957
 5340,  -4.4297,    .3310,  -8.7208,   2.4133, -75.3792,   1.6350,   8.2606,  -6.6847,  -8.2565,   3.5359, -89.3244,  -8.4957
 5352,  -4.3310,    .2920,  -8.5729,   2.3654, -75.6947,   1.6091,   8.0615,  -6.5554,  -8.0965,   3.4594, -89.3228,  -8.2905
 5364,  -4.2322,    .2542,  -8.4229,   2.3171, -76.0109,   1.5827,   7.8630,  -6.4251,  -7.9354,   3.3828, -89.3219,  -8.0859
 5376,  -4.1334,    .2179,  -8.2706,   2.2687, -76.3278,   1.5558,   7.6651,  -6.2937,  -7.7732,   3.3060, -89.3217,  -7.8819
 5388,  -4.0345,    .1829,  -8.1161,   2.2199, -76.6454,   1.5284,   7.4678,  -6.1614,  -7.6098,   3.2290, -89.3223,  -7.6785
 5400,  -3.9356,    .1493,  -7.9594,   2.1710, -76.9637,   1.5006,   7.2711,  -6.0281,  -7.4453,   3.1518, -89.3235,  -7.4757
 5412,  -3.8366,    .1171,  -7.8004,   2.1218, -77.2828,   1.4723,   7.0750,  -5.8938,  -7.2796,   3.0745, -89.3255,  -7.2736
 5424,  -3.7375,    .0863,  -7.6392,   2.0723, -77.6025,   1.4436,   6.8795,  -5.7585,  -7.1129,   2.9970, -89.3283,  -7.0720
 5436,  -3.6384,    .0570,  -7.4757,   2.0226, -77.9229,   1.4143,   6.6847,  -5.6223,  -6.9450,   2.9193, -89.3317,  -6.8712
 5448,  -3.5393,    .0291,  -7.3099,   1.9726, -78.2440,   1.3846,   6.4904,  -5.4850,  -6.7759,   2.8415, -89.3359,  -6.6709
 5460,  -3.4401,    .0026,  -7.1419,   1.9223, -78.5659,   1.3544,   6.2968,  -5.3468,  -6.6057,   2.7635, -89.3409,  -6.4713
 5472,  -3.3409,   -.0223,  -6.9715,   1.8718, -78.8883,   1.3237,   6.1038,  -5.2076,  -6.4343,   2.6853, -89.3466,  -6.2724
 5484,  -3.2417,   -.0458,  -6.7991,   1.8211, -79.2111,   1.2926,   5.9116,  -5.0676,  -6.2620,   2.6071, -89.3530,  -6.0742
 5496,  -3.1427,   -.0679,  -6.6248,   1.7702, -79.5340,   1.2610,   5.7204,  -4.9269,  -6.0888,   2.5289, -89.3602,  -5.8772
 5508,  -3.0440,   -.0884,  -6.4487,   1.7191, -79.8565,   1.2290,   5.5304,  -4.7857,  -5.9150,   2.4507, -89.3681,  -5.6813
 5520,  -2.8475,   -.1249,  -6.0923,   1.6169, -80.4994,   1.1640,   5.1544,  -4.5021,  -5.5660,   2.2950, -89.3861,  -5.2939
 5532,  -2.8475,   -.1249,  -6.0923,   1.6169, -80.4994,   1.1640,   5.1544,  -4.5021,  -5.5660,   2.2950, -89.3861,  -5.2939
 5544,  -2.7500,   -.1410,  -5.9124,   1.5657, -80.8190,   1.1311,   4.9689,  -4.3601,  -5.3913,   2.2176, -89.3962,  -5.1027
 5556,  -2.6532,   -.1555,  -5.7317,   1.5147, -81.1370,   1.0979,   4.7852,  -4.2181,  -5.2166,   2.1405, -89.4069,  -4.9135
 5568,  -2.5571,   -.1685,  -5.5504,   1.4637, -81.4530,   1.0645,   4.6035,  -4.0764,  -5.0422,   2.0640, -89.4183,  -4.7263
 5580,  -2.4617,   -.1801,  -5.3687,   1.4130, -81.7667,   1.0309,   4.4240,  -3.9350,  -4.8682,   1.9880, -89.4303,  -4.5414
 5592,  -2.3673,   -.1903,  -5.1869,   1.3624, -82.0777,    .9972,   4.2469,  -3.7941,  -4.6948,   1.9126, -89.4429,  -4.3590
 5604,  -2.2739,   -.1991,  -5.0052,   1.3122, -82.3858,    .9635,   4.0722,  -3.6540,  -4.5223,   1.8380, -89.4561,  -4.1791
 5616,  -2.1816,   -.2065,  -4.8239,   1.2623, -82.6906,    .9297,   3.9002,  -3.5148,  -4.3509,   1.7642, -89.4697,  -4.0020
 5628,  -2.0905,   -.2125,  -4.6432,   1.2128, -82.9917,    .8960,   3.7310,  -3.3766,  -4.1807,   1.6912, -89.4839,  -3.8279
 5640,  -2.0007,   -.2173,  -4.4634,   1.1637, -83.2888,    .8623,   3.5648,  -3.2397,  -4.0120,   1.6193, -89.4986,  -3.6568
 5652,  -1.9123,   -.2209,  -4.2848,   1.1152, -83.5816,    .8288,   3.4017,  -3.1041,  -3.8450,   1.5483, -89.5136,  -3.4890
 5664,  -1.8254,   -.2232,  -4.1076,   1.0672, -83.8698,    .7954,   3.2418,  -2.9702,  -3.6799,   1.4785, -89.5290,  -3.3245
 5676,  -1.7401,   -.2245,  -3.9322,   1.0199, -84.1530,    .7623,   3.0854,  -2.8380,  -3.5170,   1.4099, -89.5448,  -3.1636
 5688,  -1.6564,   -.2246,  -3.7588,    .9733, -84.4308,    .7295,   2.9325,  -2.7079,  -3.3564,   1.3426, -89.5608,  -3.0064
 5700,  -1.5745,   -.2238,  -3.5876,    .9275, -84.7030,    .6970,   2.7833,  -2.5798,  -3.1985,   1.2767, -89.5770,  -2.8531
 5712,  -1.4164,   -.2193,  -3.2535,    .8384, -85.2290,    .6333,   2.4967,  -2.3310,  -2.8914,   1.1494, -89.6099,  -2.5585
 5724,  -1.4164,   -.2193,  -3.2535,    .8384, -85.2290,    .6333,   2.4967,  -2.3310,  -2.8914,   1.1494, -89.6099,  -2.5585
 5736,  -1.3405,   -.2158,  -3.0910,    .7953, -85.4822,    .6023,   2.3595,  -2.2106,  -2.7427,   1.0881, -89.6265,  -2.4175
 5748,  -1.2666,   -.2116,  -2.9320,    .7532, -85.7284,    .5718,   2.2265,  -2.0931,  -2.5975,   1.0285, -89.6430,  -2.2810
 5760,  -1.1949,   -.2068,  -2.7766,    .7122, -85.9675,    .5419,   2.0978,  -1.9786,  -2.4559,    .9705, -89.6595,  -2.1488
 5772,  -1.1254,   -.2013,  -2.6249,    .6722, -86.1997,    .5127,   1.9733,  -1.8671,  -2.3181,    .9144, -89.6759,  -2.0210
 5784,  -1.0581,   -.1953,  -2.4769,    .6333, -86.4247,    .4841,   1.8530,  -1.7587,  -2.1839,    .8599, -89.6923,  -1.8975
 5796,   -.9928,   -.1889,  -2.3327,    .5955, -86.6428,    .4563,   1.7368,  -1.6533,  -2.0536,    .8072, -89.7084,  -1.7783
 5808,   -.9298,   -.1820,  -2.1924,    .5589, -86.8537,    .4291,   1.6248,  -1.5511,  -1.9270,    .7561, -89.7243,  -1.6634
 5820,   -.8690,   -.1748,  -2.0561,    .5233, -87.0576,    .4027,   1.5169,  -1.4521,  -1.8044,    .7069, -89.7401,  -1.5527
 5832,   -.8103,   -.1672,  -1.9239,    .4889, -87.2544,    .3770,   1.4130,  -1.3563,  -1.6857,    .6593, -89.7555,  -1.4462
 5844,   -.7538,   -.1594,  -1.7957,    .4557, -87.4440,    .3520,   1.3132,  -1.2638,  -1.5710,    .6135, -89.7707,  -1.3439
 5856,   -.6995,   -.1514,  -1.6718,    .4236, -87.6266,    .3279,   1.2174,  -1.1745,  -1.4603,    .5695, -89.7855,  -1.2457
 5868,   -.6473,   -.1433,  -1.5521,    .3927, -87.8020,    .3045,   1.1257,  -1.0885,  -1.3537,    .5271, -89.8000,  -1.1517
 5880,   -.5973,   -.1351,  -1.4368,    .3630, -87.9702,    .2820,   1.0379,  -1.0059,  -1.2512,    .4866, -89.8141,  -1.0618
 5892,   -.5495,   -.1268,  -1.3259,    .3345, -88.1313,    .2603,    .9540,   -.9266,  -1.1529,    .4477, -89.8279,   -.9759
 5904,   -.4604,   -.1103,  -1.1176,    .2811, -88.4320,    .2195,    .7982,   -.7784,   -.9688,    .3753, -89.8539,   -.8163
 5916,   -.4604,   -.1103,  -1.1176,    .2811, -88.4320,    .2195,    .7982,   -.7784,   -.9688,    .3753, -89.8539,   -.8163
 5928,   -.4192,   -.1021,  -1.0203,    .2563, -88.5715,    .2004,    .7262,   -.7095,   -.8831,    .3418, -89.8662,   -.7426
 5940,   -.3801,   -.0941,   -.9277,    .2327, -88.7038,    .1822,    .6580,   -.6441,   -.8018,    .3100, -89.8780,   -.6728
 5952,   -.3431,   -.0863,   -.8398,    .2104, -88.8289,    .1650,    .5938,   -.5821,   -.7248,    .2799, -89.8893,   -.6071
 5964,   -.3084,   -.0787,   -.7567,    .1893, -88.9468,    .1487,    .5334,   -.5237,   -.6522,    .2516, -89.9000,   -.5453
 5976,   -.2758,   -.0714,   -.6785,    .1695, -89.0573,    .1333,    .4768,   -.4689,   -.5840,    .2251, -89.9102,   -.4874
 5988,   -.2454,   -.0644,   -.6052,    .1510, -89.1606,    .1189,    .4241,   -.4176,   -.5202,    .2003, -89.9197,   -.4335
 6000,   -.2172,   -.0577,   -.5369,    .1337, -89.2566,    .1054,    .3751,   -.3699,   -.4608,    .1773, -89.9287,   -.3834
 6012,   -.1911,   -.0514,   -.4736,    .1178, -89.3453,    .0930,    .3300,   -.3258,   -.4059,    .1561, -89.9370,   -.3373
 6024,   -.1673,   -.0455,   -.4154,    .1032, -89.4267,    .0815,    .2887,   -.2853,   -.3555,    .1366, -89.9447,   -.2951
 6036,   -.1454,   -.0400,   -.3620,    .0898, -89.5011,    .0710,    .2510,   -.2483,   -.3094,    .1188, -89.9518,   -.2565
 6048,   -.1256,   -.0349,   -.3133,    .0776, -89.5687,    .0615,    .2167,   -.2146,   -.2674,    .1026, -89.9582,   -.2215
 6060,   -.1077,   -.0302,   -.2692,    .0666, -89.6300,    .0528,    .1858,   -.1841,   -.2294,    .0880, -89.9641,   -.1898
 6072,   -.0915,   -.0259,   -.2293,    .0566, -89.6852,    .0449,    .1579,   -.1566,   -.1951,    .0748, -89.9694,   -.1613
 6084,   -.0771,   -.0220,   -.1935,    .0477, -89.7347,    .0379,    .1330,   -.1319,   -.1645,    .0630, -89.9742,   -.1359
 6096,   -.0529,   -.0153,   -.1334,    .0328, -89.8175,    .0261,    .0913,   -.0907,   -.1130,    .0433, -89.9822,   -.0933
 6108,   -.0529,   -.0153,   -.1334,    .0328, -89.8175,    .0261,    .0913,   -.0907,   -.1130,    .0433, -89.9822,   -.0933
 6120,   -.0430,   -.0126,   -.1086,    .0267, -89.8515,    .0212,    .0742,   -.0737,   -.0919,    .0352, -89.9855,   -.0758
 6132,   -.0344,   -.0101,   -.0871,    .0213, -89.8811,    .0170,    .0594,   -.0590,   -.0736,    .0282, -89.9884,   -.0607
 6144,   -.0271,   -.0080,   -.0686,    .0168, -89.9064,    .0134,    .0467,   -.0464,   -.0579,    .0221, -89.9909,   -.0477
 6156,   -.0208,   -.0062,   -.0529,    .0129, -89.9279,    .0103,    .0359,   -.0358,   -.0446,    .0170, -89.9930,   -.0367
 6168,   -.0156,   -.0047,   -.0398,    .0097, -89.9458,    .0077,    .0270,   -.0269,   -.0335,    .0128, -89.9947,   -.0276
 6180,   -.0114,   -.0034,   -.0291,    .0070, -89.9604,    .0056,    .0197,   -.0196,   -.0244,    .0093, -89.9961,   -.0201
 6192,   -.0080,   -.0024,   -.0204,    .0049, -89.9722,    .0039,    .0138,   -.0137,   -.0171,    .0065, -89.9973,   -.0141
 6204,   -.0053,   -.0016,   -.0137,    .0033, -89.9813,    .0026,    .0092,   -.0092,   -.0115,    .0044, -89.9982,   -.0094
 6216,   -.0033,   -.0010,   -.0086,    .0020, -89.9882,    .0016,    .0058,   -.0058,   -.0072,    .0027, -89.9989,   -.0059
 6228,   -.0019,   -.0006,   -.0050,    .0012, -89.9932,    .0009,    .0033,   -.0033,   -.0042,    .0016, -89.9993,   -.0034
 6240,   -.0010,   -.0003,   -.0025,    .0006, -89.9965,    .0005,    .0017,   -.0017,   -.0021,    .0008, -89.9997,   -.0017
 6252,   -.0004,   -.0001,   -.0010,    .0002, -89.9985,    .0002,    .0007,   -.0007,   -.0009,    .0003, -89.9999,   -.0007
 6264,   -.0001,   -.0000,   -.0003,    .0000, -89.9995,    .0000,    .0002,   -.0002,   -.0002,    .0000, -90.0000,   -.0002
